{"cameraMode":{"drawMode":0,"name":"Shaded","section":"Shading Mode"},"sceneLighting":true,"audioPlay":false,"sceneViewState":{"showFog":true,"showMaterialUpdate":true,"showSkybox":true,"showFlares":true,"showImageEffects":true,"showParticleSystems":true},"in2DMode":false,"pivot":{"x":0.43299996852874758,"y":0.6539999842643738,"z":4.465000152587891},"rotation":{"x":-0.17723922431468965,"y":0.32606178522109988,"z":-0.062344200909137729,"w":-0.9265369772911072},"size":2.834355592727661,"orthographic":true}