{"cameraMode":{"drawMode":0,"name":"Shaded","section":"Shading Mode"},"sceneLighting":false,"audioPlay":false,"sceneViewState":{"showFog":true,"showMaterialUpdate":true,"showSkybox":false,"showFlares":true,"showImageEffects":true,"showParticleSystems":true},"in2DMode":false,"pivot":{"x":0.718999981880188,"y":0.6336756944656372,"z":-0.22259244322776795},"rotation":{"x":0.2402593046426773,"y":0.1512882262468338,"z":-0.03793930262327194,"w":0.958099901676178},"size":0.8867397308349609,"orthographic":true}