{"cameraMode":{"drawMode":0,"name":"Shaded","section":"Shading Mode"},"sceneLighting":false,"audioPlay":false,"sceneViewState":{"showFog":true,"showMaterialUpdate":true,"showSkybox":false,"showFlares":true,"showImageEffects":true,"showParticleSystems":true},"in2DMode":false,"pivot":{"x":-0.21649324893951417,"y":0.2435271143913269,"z":1.7881393432617188e-7},"rotation":{"x":-0.011089356616139412,"y":0.23454870283603669,"z":0.002651031594723463,"w":0.9720886945724487},"size":0.6294078826904297,"orthographic":true}