{"cameraMode":{"drawMode":0,"name":"Shaded","section":"Shading Mode"},"sceneLighting":false,"audioPlay":false,"sceneViewState":{"showFog":true,"showMaterialUpdate":true,"showSkybox":false,"showFlares":true,"showImageEffects":true,"showParticleSystems":true},"in2DMode":false,"pivot":{"x":-4.129106044769287,"y":0.5105681419372559,"z":3.081061840057373},"rotation":{"x":-0.202593132853508,"y":-0.15648771822452546,"z":0.032886479049921039,"w":-0.966195821762085},"size":0.9421568512916565,"orthographic":true}