{"cameraMode":{"drawMode":0,"name":"Shaded","section":"Shading Mode"},"sceneLighting":true,"audioPlay":false,"sceneViewState":{"showFog":true,"showMaterialUpdate":true,"showSkybox":true,"showFlares":true,"showImageEffects":true,"showParticleSystems":true},"in2DMode":false,"pivot":{"x":0.020559225231409074,"y":0.5656886100769043,"z":-0.6612868309020996},"rotation":{"x":-3.239626522599792e-8,"y":0.9994663000106812,"z":0.032684579491615298,"w":0.000001034874458127888},"size":0.8927246928215027,"orthographic":false}