{"cameraMode":{"drawMode":0,"name":"Shaded","section":"Shading Mode"},"sceneLighting":false,"audioPlay":false,"sceneViewState":{"showFog":true,"showMaterialUpdate":true,"showSkybox":false,"showFlares":true,"showImageEffects":true,"showParticleSystems":true},"in2DMode":false,"pivot":{"x":-0.23917007446289063,"y":0.2425069510936737,"z":0.4765205383300781},"rotation":{"x":-0.011089356616139412,"y":0.23454870283603669,"z":0.002651031594723463,"w":0.9720886945724487},"size":0.4196573793888092,"orthographic":true}