{"cameraMode":{"drawMode":0,"name":"Shaded","section":"Shading Mode"},"sceneLighting":false,"audioPlay":false,"sceneViewState":{"showFog":true,"showMaterialUpdate":true,"showSkybox":false,"showFlares":true,"showImageEffects":true,"showParticleSystems":true},"in2DMode":false,"pivot":{"x":0.2201959490776062,"y":-0.25539079308509829,"z":-1.1920928955078126e-7},"rotation":{"x":-0.011089356616139412,"y":0.23454870283603669,"z":0.002651031594723463,"w":0.9720886945724487},"size":0.6229957342147827,"orthographic":true}