{"cameraMode":{"drawMode":0,"name":"Shaded","section":"Shading Mode"},"sceneLighting":true,"audioPlay":false,"sceneViewState":{"showFog":true,"showMaterialUpdate":true,"showSkybox":true,"showFlares":true,"showImageEffects":true,"showParticleSystems":true},"in2DMode":false,"pivot":{"x":-0.8914541006088257,"y":0.901031494140625,"z":0.042043138295412067},"rotation":{"x":-0.006418057717382908,"y":0.35680297017097475,"z":-0.0025325901806354524,"w":-0.9342231154441834},"size":0.3236236870288849,"orthographic":true}