{"cameraMode":{"drawMode":0,"name":"Shaded","section":"Shading Mode"},"sceneLighting":true,"audioPlay":false,"sceneViewState":{"showFog":true,"showMaterialUpdate":true,"showSkybox":true,"showFlares":true,"showImageEffects":true,"showParticleSystems":true},"in2DMode":false,"pivot":{"x":-0.542895495891571,"y":0.40432941913604739,"z":-0.3143885135650635},"rotation":{"x":-0.27449512481689455,"y":-0.01826421730220318,"z":0.005174885969609022,"w":-0.9614628553390503},"size":1.449803113937378,"orthographic":true}