{"cameraMode":{"drawMode":0,"name":"Shaded","section":"Shading Mode"},"sceneLighting":false,"audioPlay":false,"sceneViewState":{"showFog":true,"showMaterialUpdate":true,"showSkybox":false,"showFlares":true,"showImageEffects":true,"showParticleSystems":true},"in2DMode":false,"pivot":{"x":0.23222136497497559,"y":0.244981050491333,"z":-0.2615780830383301},"rotation":{"x":-0.011089356616139412,"y":0.23454870283603669,"z":0.002651031594723463,"w":0.9720886945724487},"size":0.43998274207115176,"orthographic":true}